,OPTIC Original,,Proposed Description,Notes,Charlotte Comments
,,,,,
,Central London Tribunals,Code,Central London Tribunals,,
,Import Building (was Anchorage House),968,East London Tribunal Centre,,
,Asylum Support ,901,Asylum Support Tribunal,,
,Croydon ET,972,Croydon Employment Tribunal,,
,Eat Fleetbank House,1002,Employment Appeals Tribunal (Rolls Building),,
,Field House Utiac,952,Field House Upper Tribunal (Immigration and Asylum Chamber),,
,Financial Services and Markets and Pensions Regulator,985,Financial Services and Markets and Pensions Regulator,,
,Fox Court SSCS,955,Fox Court Social Security and Child Support Tribunal,,
,Hatton Cross AIT,969,Hatton Cross Asylum and Immigration Tribunal,,
,Land Registration Tribunal,959,Land Registration Tribunal,,
,Residential Property - London,964,Residential Property Tribunal - London,,
,Sutton SSCS,971,Sutton Social Security and Child Support Tribunal,,
,Taylor House FTTIAC,951,Taylor House (Immigration and Asylum Chamber),,
,First Tier Transport Tribunal,988,First Tier Transport Tribunal,,
,Upper Tribunal (Lands Chamber),958,Upper Tribunal (Lands Chamber),,
,Upper Tribunals Admin Appeals Chamber,953,Upper Tribunals Admin Appeals Chamber,,
,Upper Tribunal (Tax and Chancery),957,Upper Tribunal (Tax and Chancery),,
,Victory House ET,962,Victory House Employment Tribunal,,
,War Pensions & Armed Forces Chamber,954,War Pensions & Armed Forces Chamber,,
,Anchorage House SSCS,967,Anchorage House Social Security and Child Support Tribunal,,
,IAC Hatton Cross & Harmondsworth,1001,Hatton Cross & Harmondsworth (Immigration and Asylum Chamber),,
,,,,,
,Court of protection,,Court of protection,,
,Court of Protection,199,Court of Protection,,
,,,,,
,London Magistrates Courts (Crime),,London Magistrates Courts (Crime),,
,Barkingside (Redbridge) Magistrates',10281,Barkingside (Redbridge) Magistrates' Court,,
,Bexley Magistrates',10035,Bexley Magistrates' Court,,
,Bromley Magistrates' (London Road),10066,Bromley Magistrates' Court (London Road),,
,Camberwell Green Magistrates' ,10077,Camberwell Green Magistrates' Court ,,
,City of London Magistrates',10100,City of London Magistrates' Court,,
,Croydon Magistrates',10111,Croydon Magistrates' Court,,
,Ealing Magistrates',10133,Ealing Magistrates' Court,,
,Hendon Magistrates',10021,Hendon Magistrates' Court,,
,Highbury Corner Magistrates',10180,Highbury Corner Magistrates' Court,,
,Lavender Hill Magistrates' (South Western),10314,Lavender Hill Magistrates' Court (South Western),,
,Romford (Havering) Magistrates',10290,Romford (Havering) Magistrates' Court,,
,Stratford Magistrates',10329,Stratford Magistrates' Court,,
,Thames Magistrates',10345,Thames Magistrates' Court,,
,Uxbridge Magistrates',10355,Uxbridge Magistrates' Court,,
,Westminster Magistrates',10421,Westminster Magistrates' Court,,
,Willesden (Brent) Magistrates',10058,Willesden (Brent) Magistrates' Court,,
,Wimbledon Magistrates',10379,Wimbledon Magistrates' Court,,
,,,,,
,London civil and family,,London civil and family,,
,Barnet County,117,Barnet County Court,,
,Brentford County,144,Brentford County Court,,
,Bromley County,152,Bromley County Court,,
,Central Family,115,Central Family Court,,
,Clerkenwell & Shoreditch County,321,Clerkenwell & Shoreditch County Court,,
,Croydon County,182,Croydon County Court,,
,East London Family,192,East London Family Court,,
,Edmonton County,194,Edmonton County Court,,
,Kingston Upon Thames County,240,Kingston Upon Thames County Court,,
,Lambeth County,241-A,Lambeth County Court,,
,London Maintenance Enforcement Business Centre (LMEBC),934621,London Maintenance Enforcement Business Centre (LMEBC),,
,Romford County,387,Romford County Court,,
,Stratford Housing Centre,326,Stratford Housing Centre,,
,Uxbridge County,356,Uxbridge County Court,,
,Wandsworth County,359,Wandsworth County Court,,
,West London Family Court,779329,West London Family Court,,
,Willesden County,375,Willesden County Court,,
,,,,,
,London crown courts,,London crown courts,,
,Blackfriars Crown,428,Blackfriars Crown Court ,,
,Central Criminal Court,413,Central Criminal Court,,
,Croydon Crown,418,Croydon Crown Court,,
,Harrow Crown,468,Harrow Crown Court,,
,I.L.S.H. Crown,440,Inner London Crown Court (Sessions House),,
,Isleworth Crown,475,Isleworth Crown Court,,
,Kingston Upon Thames Crown,427,Kingston Upon Thames Crown Court,,
,Snaresbrook Crown,453,Snaresbrook Crown Court,,
,Southwark Crown,471,Southwark Crown Court,,
,Wood Green Crown,469,Wood Green Crown Court,,
,Woolwich Crown,472,Woolwich Crown Court,,
,,,,,
,Royal courts of justice group,,Royal courts of justice group,,
,Administrative Court,601,Administrative Court,,
,Admiralty and Commercial Courts,603,Admiralty and Commercial Courts,,
,Bankruptcy and Companies' Court,605,Bankruptcy and Companies Court,,
,Central London Bankruptcy,630,Central London County Court (Bankruptcy),,
,Central London County,372,Central London County Court,,
,Chancery Associates,608,Chancery Associates,,
,Chancery Chambers,607,Tax and Chancery Chamber (Rolls Building),,
,Chancery Listing,606,Chancery Listing,,
,Civil Appeals Office,609,Civil Appeals Office,,
,Court Recording and Transcription Unit,624,Court Recording and Transcription Unit,,
,Criminal Appeals Office,613,Criminal Appeals Office,,
,High Court Family,612,High Court Family,,
,High Court Fees Office,615,High Court Fees Office,,
,Mayors & City County,266,Mayors & City County Court,,
,Queen's Bench Action Department,618,Queen's Bench Action Department,,
,Queen's Bench Listing,611,Queen's Bench Listing,,
,RCJ Judges' Clerks,626,RCJ Judges' Clerks,,
,RCJ Security,619,RCJ Security,,
,RCJ Superintendent's Office,627,RCJ Superintendent's Office,,
,RCJ Tipstaff,620,RCJ Tipstaff,,
,Senior Courts Costs Office,623,Senior Courts Costs Office,,
,Technology and Construction Courts,625,Technology and Construction Courts,,
,,,,,
,Derbyshire and Nottinghamshire,,Derbyshire and Nottinghamshire,,
,Chesterfield County,171,Chesterfield County Court,,
,Chesterfield Magistrates',10397,Chesterfield Magistrates' Court,,
,Derby County,185,Derby County Court,,
,Derby Crown,419,Derby Crown Court,,
,Derby Magistrates',10398,Derby Magistrates' Court,,
,Mansfield County,263,Mansfield County Court,,
,Mansfield Magistrates',10231,Mansfield Magistrates' Court,,
,Nottingham County,286,Nottingham County Court,,
,Nottingham Crown,444,Nottingham Crown Court,,
,Nottingham ET,925,Nottingham Employment Tribunal,,
,Nottingham Magistrates',10259,Nottingham Magistrates' Court,,
,Nottingham SSCS,926,Nottingham Social Security and Child Support Tribunal,,
,,,,,
,"Leicestershire, Rutland, Lincolnshire & Northamptonshire",,"Leicestershire, Rutland, Lincolnshire & Northamptonshire",,
,Boston County,138,Boston County Court,,
,Boston Magistrates',10051,Boston Magistrates' Court,,
,Leicester County,244,Leicester County Court,,
,Leicester Crown,430,Leicester Crown Court,,
,Leicester ET,927,Leicester Employment Tribunal,,
,Leicester Magistrates',10207,Leicester Magistrates' Court,,
,Lincoln County,249,Lincoln County Court,,
,Lincoln Crown,432,Lincoln Crown Court,,
,Lincoln Magistrates',10210,Lincoln Magistrates' Court,,
,Loughborough Magistrates' ,10221,Loughborough Magistrates' Court ,,
,Northampton County,282,Northampton County Court,,
,Northampton Crown,442,Northampton Crown Court,,
,Northampton Magistrates',10256,Northampton Magistrates' Court,,
,Wellingborough Magistrates',10366,Wellingborough Magistrates' Court,,
,,,,,
,Staffordshire and West Mercia,,Staffordshire and West Mercia,,
,Cannock Magistrates',10080,Cannock Magistrates' Court,,
,Hereford County,220,Hereford County Court,,
,Hereford Crown,762,Hereford Crown Court,,
,Hereford Magistrates',10177,Hereford Magistrates' Court,,
,Kidderminster Magistrates',10198,Kidderminster Magistrates' Court,,
,Newcastle under Lyme Magistrates',10247,Newcastle under Lyme Magistrates' Court,,
,Redditch Magistrates',10282,Redditch Magistrates' Court,,
,Shrewsbury Crown,452,Shrewsbury Crown Court,,
,Stafford County,333,Stafford County Court,,
,Stafford Crown,455,Stafford Crown Court,,
,Stoke On Trent Crown,456,Stoke On Trent Crown Court,,
,Stoke-On-Trent County,338,Stoke-On-Trent County Court,,
,Telford County,364,Telford County Court,,
,Telford Magistrates',10341,Telford Magistrates' Court,,
,Worcester County,380,Worcester County Court,,
,Worcester Crown,466,Worcester Crown Court,,
,Worcester Magistrates',10387,Worcester Magistrates' Court,,
,,,,,
,West Midlands and Warwickshire Crime,,West Midlands and Warwickshire Crime,,
,Birmingham Crown,404,Birmingham Crown Court,,
,Birmingham Magistrates' (Corporation St),10039,Birmingham Magistrates' Court (Corporation St),,
,Coventry Crown,417,Coventry Crown Court,,
,Coventry Magistrates',10107,Coventry Magistrates' Court,,
,Dudley Magistrates',10130,Dudley Magistrates' Court,,
,Leamington Spa Magistrates' ,10205,Leamington Spa Magistrates' Court ,,
,Nuneaton Magistrates',10260,Nuneaton Magistrates' Court,,
,Walsall Magistrates',10359,Walsall Magistrates' Court,,
,Warwick Crown,463,Warwick Crown Court,,
,Wolverhampton Crown,421,Wolverhampton Crown Court,,
,Wolverhampton Magistrates',10385,Wolverhampton Magistrates' Court,,
,,,,,
,West Midlands & Warwickshire Civil Family & Tribunals,,West Midlands & Warwickshire Civil Family & Tribunals,,
,Birmingham County,127,Birmingham County Court,,
,Birmingham ET,928,Birmingham Employment Tribunal,,
,Birmingham IAC,929,Birmingham (Immigration and Asylum Chamber),,
,Birmingham SSCS,930,Birmingham Social Security and Child Support Tribunal,,
,Coventry County,180,Coventry County Court,,
,Dudley County,189,Dudley County Court,,
,Nuneaton County,287,Nuneaton County Court,,
,Residential Property - Birmingham (Midlands),1006,Residential Property - Birmingham (Midlands),,
,Walsall County,358,Walsall County Court,,
,Warwick County,361,Warwick County Court,,
,Wolverhampton County,378,Wolverhampton County Court,,
,Wolverhampton SSCS,1003,Wolverhampton Social Security and Child Support Tribunal,,
,,,,,
,HQ,,HQ,,
,Customer Investigation Team,MODELCT478747,Customer Investigation Team,,Remove from list
,Data Incident Team,DATAINCIDENT,Data Incident Team,,Remove from list
,PECS Team,PECS,PECS Team,,Remove from list
,Service Assurance Team,SERVASSURANCE,Service Assurance Team,,Remove from list
,,,,,
,Taxing,,Taxing,,
,National Taxing Team - Birmingham ,714,National Taxing Team - Birmingham ,,Remove from list
,National Taxing Team - Manchester,715,National Taxing Team - Manchester,,Remove from list
,,,,,
,Mediation,,Mediation,,
,Small Claims Mediation - Administration,87-A,Small Claims Mediation - Administration,,
,,,,,
,Business Centres,,Business Centres,,
,ASC Leicestershire Charity,932,ASC Leicestershire Charity,,
,ASC Leicestershire Environment,934,ASC Leicestershire Environment,,
,ASC Leicestershire Estate Agents Appeals,935,ASC Leicestershire Estate Agents Appeals,,
,ASC Leicestershire Gambling Appeals,936,ASC Leicestershire Gambling Appeals,,
,ASC Leicestershire Gender Recognition,937,ASC Leicestershire Gender Recognition,,
,ASC Leicestershire Information Rights,938,ASC Leicestershire Information Rights,,
,ASC Leicestershire Mental Health,939,ASC Leicestershire Mental Health,,
,Bradford Direct Lodgement Centre,995,Bradford Direct Lodgement Centre,,
,Care Standards,908,Care Standards,,
,CCMCC,390,County Court Money Claims Centre,,
,Claims Management Services,990,Claims Management Services,,
,CCMCC(HWF),804679,County Court Money Claims Centre - Help With Fee’s,,remove
,CCMCC (CHO),804664,County Court Money Claims Centre - Charging Orders,,remove
,CCMCC(AOE),804794,County Court Money Claims Centre - Attachment of Earnings,,remove
,Online County Court (OCMC),779229,Online County Court – Online Civil Money Claims,,
,Community Right to Bid,989,Community Right to Bid,,
,Copyright Licensing,997,Copyright Licensing,,
,County Court Business Centre,335,County Court Business Centre,,
,Driving Standards Agency,987,Driving Standards Agency,,
,Electronic Communications & Postal Services,996,Electronic Communications & Postal Services,,
,ET - EAT Fees CPU Leicester,6046,ET - EAT Fees CPU Leicester,,Remove from list
,Examination Board,992,Examination Board,,
,First Tier Tax,984,First Tier Tax Tribunal,,
,GRC Food,993,General Regulatory Chamber Food,,
,General Regulatory Chamber,1000,General Regulatory Chamber,,
,Immigration Services,961,Immigration Services,,
,Individual Electoral Registration Appeals,998,Individual Electoral Registration Appeals,,
,Information Tribunal Leicester,6049,Information Tribunal Leicester,,
,Jury Central Summoning Bureau,799,Jury Central Summoning Bureau,,
,Leicester Immigration and Asylum Chamber,6047,Leicester (Immigration and Asylum Chamber),,
,Contact Centre Loughborough,250,Contact Centre Loughborough,,
,Nitrates Vulnerable Zones,1012,Nitrates Vulnerable Zones,,
,PCOL,110,PCOL,,
,Pensions Regulations,999,Pensions Regulations,,
,Primary Health Lists,909,Primary Health Lists,,
,Professional Regulation,991,Professional Regulation,,
,Small Claims Mediation,323,Small Claims Mediation,,
,Special Educational Needs and Disability,902,Special Educational Needs and Disability,,
,Storage Centre AIT,6048,Storage Centre AIT,,Remove from list
,Welfare of Animals,1008,Welfare of Animals,,
,,,,,
,Divorce Centres,,Divorce Centres,,
,East Midlands Divorce Unit,134,East Midlands Divorce Unit,,
,London & SE Divorce Centre,107,London & SE Divorce Centre,,
,Neath Divorce Unit,274-A,Neath Divorce Unit,,
,Newport Divorce Unit,280-A,Newport Divorce Unit,,
,North East Divorce Unit,141-A,North East Divorce Unit,,
,North West Divorce Unit,251-A,North West Divorce Unit,,
,SW Regional Divorce Centre,133-A,SW Regional Divorce Centre,,
,West Midlands Divorce Unit,135,West Midlands Divorce Unit,,
,Wrexham Divorce Unit,384-A,Wrexham Divorce Unit,,
,,,,,
,Probate Offices ,,Probate Offices ,,
,Birmingham Probate,5003,Birmingham Probate,,
,Brighton Probate,5004,Brighton Probate,,
,Bristol Probate,5005,Bristol Probate,,
,Ipswich Probate,5006,Ipswich Probate,,
,Leeds Probate,5007,Leeds Probate,,
,Liverpool Probate,5008,Liverpool Probate,,
,Llandaff Probate,5009,Llandaff Probate,,
,London Probate,5002,London Probate,,
,Manchester Probate,5010,Manchester Probate,,
,Newcastle upon Tyne Probate,5011,Newcastle upon Tyne Probate,,
,Oxford Probate,5012,Oxford Probate,,
,Probate GBO,5001,Probate GBO,,
,Winchester Probate,5013,Winchester Probate,,
,,,,,
,Tribunals ASC Birmingham,,Tribunals ASC Birmingham,,
,ASC Hagley Road,982,ASC Hagley Road,,
,ASC Leicestershire IA,940,ASC Leicestershire (Immigration and Asylum Chamber),,
,ASC Leicestershire SSCS,941,ASC Leicestershire Social Security and Child Support Tribunal,,
,,,,,
,NCES,,NCES,,
,Avon & Somerset Central Enforcement,6000,Avon & Somerset Central Enforcement,,
,CDN Enforcement,6001,Cleveland Durham and Northumbria Enforcement,,
,CENS National Compliance and Enforcement Services,6037,Cambridge Essex Norfolk and Suffolk National Compliance and Enforcement Services ,,
,Cheshire & Merseyside Payments & Enforcement Centre,6003,Cheshire & Merseyside Payments & Enforcement Centre,,
,Derbyshire Enforcement Unit,6005,Derbyshire Enforcement Unit,,
,Devon & Cornwall Central Fines & Enforcement,6006,Devon & Cornwall Central Fines & Enforcement,,
,Dorset Fines and Enforcement - Central Finance Office,6007,Dorset Fines and Enforcement - Central Finance Office,,
,"Fixed Penalty Unit, Ailsa House, Leeds",6009,"Fixed Penalty Unit, Ailsa House, Leeds",,
,"Fixed Penalty Unit, Loughborough Magistrates' Court",6010,"Fixed Penalty Unit, Loughborough Magistrates' Court",,
,"Fixed Penalty Unit, Southend Magistrates' Court",6011,"Fixed Penalty Unit, Southend Magistrates' Court",,
,Gloucestershire Fines & Enforcement Office,6012,Gloucestershire Fines & Enforcement Office,,
,Greater Manchester Accounts and Enforcement Unit,6013,Greater Manchester Accounts and Enforcement Unit,,
,"Hertfordshire, Bedfordshire and TV Enforcement",6014,"Hertfordshire, Bedfordshire and TV Enforcement",,
,Humber & South Yorkshire Enforcement,6015,Humber & South Yorkshire Enforcement,,
,Lancashire and Cumbria Enforcement Office,6016,Lancashire and Cumbria Enforcement Office,,
,Leicestershire Enforcement Office,6017,Leicestershire Enforcement Office,,
,Lincolnshire Enforcement Office,6018,Lincolnshire Enforcement Office,,
,London Collection and Compliance Centre,6019,London Collection and Compliance Centre,,
,London Confiscation Unit,6020,London Confiscation Unit,,
,London Contact Centre,6038,London Contact Centre,,
,Midlands Regional Confiscation Unit,6021,Midlands Regional Confiscation Unit,,
,North East Regional Confiscation Unit,6023,North East Regional Confiscation Unit,,
,North East Regional Payment Unit,6024,North East Regional Payment Unit,,
,North West Regional Confiscation Unit,6025,North West Regional Confiscation Unit,,
,Northamptonshire Enforcement Office,6027,Northamptonshire Enforcement Office,,
,Nottinghamshire Enforcement Unit,6029,Nottinghamshire Enforcement Unit,,
,Port Talbot Historic Debt,6030,Port Talbot Historic Debt,,
,Rugeley Central Finance Office,6031,Rugeley Central Finance Office,,
,South East Central Finance Unit,6032,South East Central Finance Unit,,
,South East Regional Confiscation Unit,6033,South East Regional Confiscation Unit,,
,Staffordshire Enforcement Unit,6034,Staffordshire Enforcement Unit,,
,"Sussex, Kent and Surrey Enforcement ",6035,"Sussex, Kent and Surrey Enforcement ",,
,Swindon Money Handling Unit,6036,Swindon Money Handling Unit,,
,Wales and South West Confiscation Unit,6039,Wales and South West Confiscation Unit,,
,Wales National Enforcement Office,6002,Wales National Enforcement Office,,
,Warwickshire Enforcement Unit,6040,Warwickshire Enforcement Unit,,
,West Mercia Enforcement Office,6041,West Mercia Enforcement Office,,
,NCES Contact Centre Cwmbran,6002-A,National Compliance and Enforcement Services Cwmbran Contact Centre,,
,West Midlands Central Finance Unit,6042,West Midlands Central Finance Unit,,
,West Midlands Enforcement Office,6043,West Midlands Enforcement Office,,
,West Yorkshire Enforcement Office,6044,West Yorkshire Enforcement Office,,
,,,,,
,Cleveland & Durham Group,,Cleveland & Durham Group,,
,Darlington County,183,Darlington County Court,,
,Darlington Magistrates',10114,Darlington Magistrates' Court,,
,Durham County,190,Durham County Court,,
,Durham Crown,422,Durham Crown Court,,
,Newton Aycliffe Magistrates',10253,Newton Aycliffe Magistrates' Court,,
,Peterlee Magistrates',10269,Peterlee Magistrates' Court,,
,Teesside County,270,Teesside County Court,,
,Teesside Crown,460,Teesside Crown Court,,
,Teesside Magistrates',10239,Teesside Magistrates' Court,,
,,,,,
,Humber & South Yorkshire Group,,Humber & South Yorkshire Group,,
,Barnsley County,118,Barnsley County Court,,
,Barnsley Magistrates',10022,Barnsley Magistrates' Court,,
,Beverley Magistrates',10034,Beverley Magistrates' Court,,
,Bridlington Magistrates',10062,Bridlington Magistrates' Court,,
,Doncaster County,187,Doncaster County Court,,
,Doncaster Crown,420,Doncaster Crown Court,,
,Doncaster Magistrates',10125,Doncaster Magistrates' Court,,
,Great Grimsby County,208,Great Grimsby County Court,,
,Grimsby Crown,425,Grimsby Crown Court,,
,Grimsby Magistrates',10161,Grimsby Magistrates' Court,,
,Hull and Holderness Magistrates',10190,Hull and Holderness Magistrates' Court,,
,Hull Crown,403,Hull Crown Court,,
,Kingston Upon Hull County,239,Kingston Upon Hull County Court,,
,Sheffield County,320,Sheffield County Court,,
,Sheffield Crown,451,Sheffield Crown Court,,
,Sheffield DFC,320-A,Sheffield DFC,,
,Sheffield Magistrates',10304,Sheffield Magistrates' Court,,
,,,,,
,North & West Yorkshire Crime Group,,North & West Yorkshire Crime Group,,
,Bradford Crown,402,Bradford Crown Court,,
,Bradford Magistrates',10056,Bradford Magistrates' Court,,
,Harrogate and Skipton Magistrates',10167,Harrogate and Skipton Magistrates' Court,,
,Kirklees Magistrates',10189,Kirklees Magistrates' Court,,
,Leeds Crown,429,Leeds Crown Court,,
,Leeds Magistrates',10206,Leeds Magistrates' Court,,
,Northallerton Magistrates',10255,Northallerton Magistrates' Court,,
,Scarborough Magistrates',10300,Scarborough Magistrates' Court,,
,York Crown,467,York Crown Court,,
,York Magistrates',10395,York Magistrates' Court,,
,,,,,
,Northumbria Group,,Northumbria Group,,
,Berwick upon Tweed Magistrates',10033,Berwick upon Tweed Magistrates' Court,,
,Gateshead County,202,Gateshead County Court,,
,Gateshead Magistrates',10151,Gateshead Magistrates' Court,,
,Mid and South East Northumberland Magistrates',10031,Mid and South East Northumberland Magistrates' Court,,
,Newcastle ET,910,Newcastle Employment Tribunal,,
,Newcastle SSCS,911,Newcastle Social Security and Child Support Tribunal,,
,Newcastle Upon Tyne County,278,Newcastle Upon Tyne County Court,,
,Newcastle Upon Tyne Crown,439,Newcastle Upon Tyne Crown Court,,
,Newcastle Upon Tyne Magistrates',10248,Newcastle Upon Tyne Magistrates' Court,,
,North Shields County,283,North Shields County Court,,
,North Shields IA,912,North Shields (Immigration and Asylum Chamber),,
,North Tyneside Magistrates',10254,North Tyneside Magistrates' Court,,
,South Shields County,331,South Shields County Court,,
,South Tyneside Law Courts,10313,South Tyneside Law Courts,,
,Sunderland County,343,Sunderland County Court,,
,Sunderland Magistrates',10333,Sunderland Magistrates' Court,,
,,,,,
,North & West Yorkshire Civil Group,,North & West Yorkshire Civil Group,,
,Bradford County,141,Bradford County Court,,
,Bradford IAC,905,Bradford (Immigration and Asylum Chamber),,
,Harrogate County,214,Harrogate County Court,,
,Huddersfield County,228,Huddersfield County Court,,
,Leeds Civil & Family Hearing Centre,243-A,Leeds Civil & Family Hearing Centre,,
,Leeds County,243,Leeds County Court,,
,Leeds ET,903,Leeds Employment Tribunal,,
,Leeds SSCS,904,Leeds Social Security and Child Support Tribunal,,
,Scarborough County,318,Scarborough County Court,,
,Skipton County,325,Skipton County Court,,
,Wakefield County,357,Wakefield County Court,,
,York County,386,York County Court,,
,,,,,
,Cheshire & Merseyside Crime,,Cheshire & Merseyside Crime,,
,Birkenhead Magistrates',10038,Birkenhead Magistrates' Court,,
,Bootle Magistrates',10050,Bootle Magistrates' Court,,
,Chester Crown,415,Chester Crown Court,,
,Chester Magistrates',10092,Chester Magistrates' Court,,
,Crewe Magistrates',10109,Crewe Magistrates' Court,,
,Liverpool Crown,433,Liverpool Crown Court,,
,Liverpool Magistrates',10213,Liverpool Magistrates' Court,,
,Sefton Magistrates',779529,Sefton Magistrates' Court,,
,Warrington Crown,462,Warrington Crown Court,,
,Wirral Magistrates',779544,Wirral Magistrates' Court,,
,Warrington (Legh Street) Magistrates',1722,Warrington (Legh Street) Magistrates' Court,,
,,,,,
,Cumbria & Lancashire,,Cumbria & Lancashire,,
,Barrow Crown,120-A,Barrow Crown Court,,
,Barrow In Furness County,120,Barrow In Furness County Court,,
,Barrow in Furness Magistrates',10024,Barrow in Furness Magistrates' Court,,
,Blackburn County,130,Blackburn County Court,,
,Blackburn Magistrates',10043,Blackburn Magistrates' Court,,
,Blackpool County,131,Blackpool County Court,,
,Blackpool Magistrates',10044,Blackpool Magistrates' Court,,
,Burnley County,154,Burnley County Court,,
,Burnley Crown,409,Burnley Crown Court,,
,Burnley Magistrates',10068,Burnley Magistrates' Court,,
,Carlisle County,165,Carlisle County Court,,
,Carlisle Crown,412,Carlisle Crown Court,,
,Carlisle Magistrates',10084,Carlisle Magistrates' Court,,
,Chorley Magistrates',10098,Chorley Magistrates' Court,,
,Fleetwood Family Hearing Centre,1992,Fleetwood Family Hearing Centre,,
,Lancaster Castle Crown,768,Lancaster Castle Crown Court,,
,Lancaster County,242,Lancaster County Court,,
,Lancaster Magistrates',10203,Lancaster Magistrates' Court,,
,Leyland Family Hearing Centre,303-A,Leyland Family Hearing Centre,,
,Preston County,303,Preston County Court,,
,Preston Crown,448,Preston Crown Court,,
,Preston DFC,448-A,Preston DFC,,
,Preston Magistrates',10278,Preston Magistrates' Court,,
,Reedley Family Hearing Centre,2014,Reedley Family Hearing Centre,,
,West Cumbria County,373,West Cumbria County Court,,
,Workington Magistrates',10388,Workington Magistrates' Court,,
,,,,,
,Cheshire & Merseyside Civil Family & Tribunals,,Cheshire & Merseyside Civil Family & Tribunals,,
,Birkenhead County,126,Birkenhead County Court,,
,Chester County,170,Chester County Court,,
,Crewe County,181,Crewe County Court,,
,Liverpool County,251,Liverpool County Court,,
,Liverpool ET,917,Liverpool Employment Tribunal,,
,Liverpool SSCS,918,Liverpool Social Security and Child Support Tribunal,,
,St.Helens County,315,St.Helens County Court,,
,,,,,
,Greater Manchester Crime,,Greater Manchester Crime,,
,Bolton Crown,470,Bolton Crown Court,,
,Bolton Magistrates',10049,Bolton Magistrates' Court,,
,Manchester City Magistrates',10401,Manchester City Magistrates' Court,,
,Manchester (Crown Sq) Crown,435,Manchester (Crown Court Sq) Crown Court,,
,Manchester (Minshull St) Crown,436,Manchester (Minshull St) Crown Court,,
,Stockport Magistrates',10326,Stockport Magistrates' Court,,
,Tameside Magistrates',10403,Tameside Magistrates' Court,,
,Wigan Magistrates',10378,Wigan Magistrates' Court,,
,,,,,
,Greater Manchester Civil Family & Tribunals,,Greater Manchester Civil Family & Tribunals,,
,Agricultural Land and Drainage Tribunal,986,Agricultural Land and Drainage Tribunal,,
,Gangmasters Licensing Authority,915,Gangmasters Licensing Authority,,
,Manchester County,262,Manchester County Court,,
,Manchester ET,913,Manchester Employment Tribunal,,
,Manchester IAC,914,Manchester (Immigration and Asylum Chamber),,
,Reserve Forces,916,Reserve Forces,,
,Residential Property - Manchester (North West),1007,Residential Property - Manchester (North West),,
,Stockport County,336,Stockport County Court,,
,Wigan County,374,Wigan County Court,,
,,,,,
,Scottish Tribunals,,Scottish Tribunals,,
,Aberdeen ET,973,Aberdeen Employment Tribunal,,
,Criminal Injuries Compensation,974,Criminal Injuries Compensation,,
,Dundee ET,975,Dundee Employment Tribunal,,
,Edinburgh ET,976,Edinburgh Employment Tribunal,,
,Glasgow ET,977,Glasgow Employment Tribunal,,
,Glasgow IA,978,Glasgow (Immigration and Asylum Chamber),,
,Glasgow SSCS,979,Glasgow Social Security and Child Support Tribunal,,
,Upper Tribunals Admin Appeals Chamber - Scotland,1013,Upper Tribunals Admin Appeals Chamber - Scotland,,
,,,,,
,"Bedfordshire, Cambridgeshire & Hertfordshire",,"Bedfordshire, Cambridgeshire & Hertfordshire",,
,Bedford County,124,Bedford County Court,,
,Bedford ET,946,Bedford Employment Tribunal,,
,Bedford Magistrates',10030,Bedford Magistrates' Court,,
,Cambridge County,162,Cambridge County Court,,
,Cambridge Crown,410,Cambridge Crown Court,,
,Cambridge Magistrates',10079,Cambridge Magistrates' Court,,
,Hatfield Magistrates',10532,Hatfield Magistrates' Court,,
,Hertford County,221,Hertford County Court,,
,Hertford Magistrates',10178,Hertford Magistrates' Court,,
,Huntingdon Magistrates',10191,Huntingdon Magistrates' Court,,
,Luton County,258,Luton County Court,,
,Luton Crown,476,Luton Crown Court,,
,Luton Magistrates',10225,Luton Magistrates' Court,,
,Peterborough County,294,Peterborough County Court,,
,Peterborough Crown,473,Peterborough Crown Court,,
,Peterborough Magistrates',10268,Peterborough Magistrates' Court,,
,Residential Property - Cambridge (South East),1005,Residential Property - Cambridge (South East),,
,St Albans Crown,450,St Albans Crown Court,,
,St Albans Magistrates',10320,St Albans Magistrates' Court,,
,Stevenage Magistrates',10325,Stevenage Magistrates' Court,,
,Watford County,362,Watford County Court,,
,Watford ET,947,Watford Employment Tribunal,,
,Watford Magistrates',10365,Watford Magistrates' Court,,
,Yarls Wood IA,981,Yarls Wood (Immigration and Asylum Chamber),,
,,,,,
,Kent,,Kent,,
,Canterbury County,163,Canterbury County Court,,
,Canterbury Crown,479,Canterbury Crown Court,,
,Canterbury Magistrates',10081,Canterbury Magistrates' Court,,
,Dartford County,184,Dartford County Court,,
,Folkestone Magistrates',10148,Folkestone Magistrates' Court,,
,Maidstone County,261,Maidstone County Court,,
,Maidstone Crown,434,Maidstone Crown Court,,
,Maidstone Magistrates',10229,Maidstone Magistrates' Court,,
,Kent Ashford Tribunal,778529,Kent Ashford Tribunal,,
,Medway (Chatham) Magistrates',10087,Medway (Chatham) Magistrates' Court,,
,Medway County,267,Medway County Court,,
,Sevenoaks Magistrates',10303,Sevenoaks Magistrates' Court,,
,Thanet (Margate) Magistrates',10232,Thanet (Margate) Magistrates' Court,,
,Thanet County,348,Thanet County Court,,
,,,,,
,"Norfolk, Essex & Suffolk",,"Norfolk, Essex & Suffolk",,
,Basildon County,153,Basildon County Court,,
,Basildon Crown,461,Basildon Crown Court,,
,Basildon Magistrates',10026,Basildon Magistrates' Court,,
,Bury St Edmunds County,157,Bury St Edmunds County Court,,
,Bury St Edmunds ET,949,Bury St Edmunds Employment Tribunal,,
,Chelmsford County,167,Chelmsford County Court,,
,Chelmsford Crown,414,Chelmsford Crown Court,,
,Chelmsford Magistrates',10088,Chelmsford Magistrates' Court,,
,Maintenance Enforcement Business Centre (Except London),779129,Maintenance Enforcement Business Centre (Except London),,
,Colchester County,176,Colchester County Court,,
,Colchester Magistrates',10103,Colchester Magistrates' Court,,
,Chelmsford Administration Centre,779629,Chelmsford Administration Centre,,
,Great Yarmouth Magistrates',10159,Great Yarmouth Magistrates' Court,,
,Harlow Magistrates',10166,Harlow Magistrates' Court,,
,National Maintenance Business Centre (Englans & Wales),779144,National Maintenance Business Centre (Englans & Wales),,
,Ipswich County,233,Ipswich County Court,,
,Ipswich Crown,426,Ipswich Crown Court,,
,Ipswich Magistrates',10194,Ipswich Magistrates' Court,,
,King's Lynn Magistrates',10199,King's Lynn Magistrates' Court,,
,Norwich County,285,Norwich County Court,,
,Norwich Crown,443,Norwich Crown Court,,
,Norwich Magistrates',10258,Norwich Magistrates' Court,,
,Southend On Sea County,329,Southend On Sea County Court,,
,Southend on Sea Magistrates',10317,Southend on Sea Magistrates' Court,,
,Norwich SSC,933022,Norwich SSC,,
,Ipswich SSCS,933722,Ipswich Social Security and Child Support Tribunal,,
,Kings Lynn SSCS,933737,Kings Lynn Social Security and Child Support Tribunal,,
,,,,,
,Surrey & Sussex ,,Surrey & Sussex ,,
,Brighton County,150,Brighton County Court,,
,Brighton Family Centre,148,Brighton Family Centre,,
,Brighton Magistrates',10064,Brighton Magistrates' Court,,
,Crawley Magistrates',10108,Crawley Magistrates' Court,,
,Guildford County,211,Guildford County Court,,
,Guildford Crown,474,Guildford Crown Court,,
,Guildford Magistrates',10162,Guildford Magistrates' Court,,
,Hastings County,216,Hastings County Court,,
,Hastings Magistrates',10171,Hastings Magistrates' Court,,
,Horsham County,227,Horsham County Court,,
,Horsham Magistrates',10187,Horsham Magistrates' Court,,
,Lewes County,247,Lewes County Court,,
,Lewes Crown,431,Lewes Crown Court,,
,Staines County,334,Staines County Court,,
,Staines Magistrates',10323,Staines Magistrates' Court,,
,Worthing County,383,Worthing County Court,,
,Worthing Magistrates',10390,Worthing Magistrates' Court,,
,,,,,
,Thames Valley,,Thames Valley,,
,Aylesbury Crown,401,Aylesbury Crown Court,,
,Banbury County,114,Banbury County Court,,
,Banbury Magistrates',10017,Banbury Magistrates' Court,,
,High Wycombe County,223,High Wycombe County Court,,
,Maidenhead Magistrates',10228,Maidenhead Magistrates' Court,,
,Milton Keynes County,388,Milton Keynes County Court,,
,Milton Keynes Magistrates',10241,Milton Keynes Magistrates' Court,,
,Oxford County,291,Oxford County Court,,
,Oxford Crown,445,Oxford Crown Court,,
,Oxford Magistrates',10265,Oxford Magistrates' Court,,
,Reading County,305,Reading County Court,,
,Reading Crown,449,Reading Crown Court,,
,Reading ET,950,Reading Employment Tribunal,,
,Reading Magistrates',10280,Reading Magistrates' Court,,
,Slough County,327,Slough County Court,,
,Slough Magistrates',10311,Slough Magistrates' Court,,
,Wycombe Magistrates',10392,Wycombe Magistrates' Court,,
,,,,,
,"Avon, Somerset & Gloucestershire",,"Avon, Somerset & Gloucestershire",,
,Bath Law Courts,123,Bath Law Courts,,
,Bath Magistrates',10028,Bath Magistrates' Court,,
,Bristol County,151,Bristol County Court,,
,Bristol Crown,408,Bristol Crown Court,,
,Bristol ET,923,Bristol Employment Tribunal,,
,Bristol Magistrates',10065,Bristol Magistrates' Court,,
,Cheltenham Magistrates' (St George's Road),10089,Cheltenham Magistrates' Court (St George's Road),,
,Gloucester County,203,Gloucester County Court,,
,Gloucester Crown ,424,Gloucester Crown Court ,,
,Taunton County,347,Taunton County Court,,
,Taunton Crown,459,Taunton Crown Court,,
,Taunton Magistrates',10340,Taunton Magistrates' Court,,
,Weston Super Mare County,370,Weston Super Mare County Court,,
,Weston Super Mare Magistrates',10371,Weston Super Mare Magistrates' Court,,
,Yeovil County,385,Yeovil County Court,,
,Yeovil Magistrates',10394,Yeovil Magistrates' Court,,
,,,,,
,"Devon, Cornwall & Dorset",,"Devon, Cornwall & Dorset",,
,Barnstaple County,119,Barnstaple County Court,,
,Barnstaple Magistrates',10023,Barnstaple Magistrates' Court,,
,Bodmin County,136,Bodmin County Court,,
,Bodmin Magistrates',10048,Bodmin Magistrates' Court,,
,Bournemouth County,139,Bournemouth County Court,,
,Bournemouth Crown,406,Bournemouth Crown Court,,
,Exeter County,198,Exeter County Court,,
,Exeter Crown,423,Exeter Crown Court,,
,Exeter Magistrates',10141,Exeter Magistrates' Court,,
,Exeter Tribunals,907026,Exeter Tribunals,,
,Newton Abbot Magistrates',10252,Newton Abbot Magistrates' Court,,
,Plymouth County,296,Plymouth County Court,,
,Plymouth Crown,446,Plymouth Crown Court,,
,Plymouth Magistrates',10271,Plymouth Magistrates' Court,,
,Plymouth Tribunals,1271-A,Plymouth Tribunals,,
,Poole Magistrates',10274,Poole Magistrates' Court,,
,Torquay and Newton Abbot County,352,Torquay and Newton Abbot County Court,,
,Truro County,354,Truro County Court,,
,Truro Crown,477,Truro Crown Court,,
,Truro Magistrates',10353,Truro Magistrates' Court,,
,Weymouth County,371,Weymouth County Court,,
,Weymouth Magistrates',10373,Weymouth Magistrates' Court,,
,,,,,
,"Hampshire, IoW & Wiltshire",,"Hampshire, IoW & Wiltshire",,
,Aldershot County,104,Aldershot County Court,,
,Aldershot Magistrates',10007,Aldershot Magistrates' Court,,
,Basingstoke County,122,Basingstoke County Court,,
,Basingstoke Magistrates',10027,Basingstoke Magistrates' Court,,
,Chippenham and Trowbridge County,353,Chippenham and Trowbridge County Court,,
,Chippenham Magistrates',10097,Chippenham Magistrates' Court,,
,Havant Tribunals,10276-A,Havant Tribunals,,
,Newport (IoW) County,279,Newport (IoW) County Court,,
,Newport (IoW) Crown,478,Newport (IoW) Crown Court,,
,Newport (Isle of Wight) Magistrates',10249,Newport (Isle of Wight) Magistrates' Court,,
,Portsmouth County,302,Portsmouth County Court,,
,Portsmouth Crown,447,Portsmouth Crown Court,,
,Portsmouth Magistrates',10276,Portsmouth Magistrates' Court,,
,Salisbury County,317,Salisbury County Court,,
,Salisbury Crown,480,Salisbury Crown Court,,
,Salisbury (Guildhall) Magistrates',10299,Salisbury (Guildhall) Magistrates' Court,,
,Southampton County,328,Southampton County Court,,
,Southampton Crown,454,Southampton Crown Court,,
,Southampton (The Avenue) Magistrates',10316,Southampton (The Avenue) Magistrates' Court,,
,Residential Property - Havant (South West),1004,Residential Property - Havant (South West),,
,Swindon County,345,Swindon County Court,,
,Swindon Crown,458,Swindon Crown Court,,
,Swindon Magistrates',10338,Swindon Magistrates' Court,,
,Winchester County,376,Winchester County Court,,
,Winchester Crown,465,Winchester Crown Court,,
,,,,,
,Wales Crime,,Wales Crime,,
,Aberystwyth Magistrates',10004,Aberystwyth Magistrates' Court,,
,Caernarfon Crown,755,Caernarfon Crown Court,,
,Caernarfon Magistrates',10073,Caernarfon Magistrates' Court,,
,Cardiff Crown,411,Cardiff Crown Court,,
,Welsh Language Unit,779559,Welsh Language Unit,,Remove from list
,Cardiff Magistrates',10082,Cardiff Magistrates' Court,,
,Cwmbran Magistrates',10113,Cwmbran Magistrates' Court,,
,Haverfordwest Magistrates',10173,Haverfordwest Magistrates' Court,,
,Llandrindod Wells Magistrates' & Family Court,10215,Llandrindod Wells Magistrates' & Family Court,,
,Llandudno Magistrates',10216,Llandudno Magistrates' Court,,
,Llanelli Magistrates',10217,Llanelli Magistrates' Court,,
,Merthyr Tydfil Crown,437,Merthyr Tydfil Crown Court,,
,Merthyr Tydfil Magistrates',10238,Merthyr Tydfil Magistrates' Court,,
,Mold Crown,438,Mold Crown Court,,
,Newport (South Wales) Crown,441,Newport (South Wales) Crown Court,,
,Newport (South Wales) Magistrates',10722,Newport (South Wales) Magistrates' Court,,
,Swansea Crown,457,Swansea Crown Court,,
,Swansea Magistrates',10337,Swansea Magistrates' Court,,
,Welshpool Magistrates',10368,Welshpool Magistrates' Court,,
,Wrexham Magistrates',10750,Wrexham Magistrates' Court,,
,,,,,
,Wales Civil Family & Tribunals,,Wales Civil Family & Tribunals,,
,Aberystwyth County,102,Aberystwyth County Court,,
,Blackwood County and Family Court,132,Blackwood County and Family Court,,
,Caernarfon Justice Centre,159,Caernarfon Justice Centre,,
,Cardiff Civil and Family Justice Centre,164,Cardiff Civil and Family Justice Centre,,
,Cardiff Social Security & Child Support Tribunal ,920,Cardiff Social Security & Child Support Tribunal ,,
,Carmarthen County and Family Court,166,Carmarthen County and Family Court,,
,Haverfordwest County & Family Court,217,Haverfordwest County & Family Court,,
,Llanelli County,253,Llanelli County Court,,
,Merthyr Tydfil County Court,269,Merthyr Tydfil County Court,,
,Mold County,271,Mold County Court,,
,Newport (South Wales) County & Family Court,280,Newport (South Wales) County & Family Court,,
,Newport (South Wales) Immigration & Asylum Tribunal ,921,Newport (South Wales) Immigration & Asylum Tribunal ,,
,Pontypridd County and Family Court,299,Pontypridd County and Family Court,,
,Port Talbot Justice Centre,274,Port Talbot Justice Centre,,
,Prestatyn Justice Centre,308,Prestatyn Justice Centre,,
,Swansea Civil and Family Justice Centre,344,Swansea Civil and Family Justice Centre,,
,Wales Employment Tribunal,919,Wales Employment Tribunal,,
,Wales Maintenance Enforcement Business Centre,936260,Wales Maintenance Enforcement Business Centre,,
,Welshpool County & Family Court,366,Welshpool County & Family Court,,
,Wrexham Civil & Family Court,384,Wrexham Civil & Family Court,,
,,,,,
,CTSC's,,CTSC's,,
,Birmingham Courts and Tribunal Service Centre,779434,Birmingham Courts and Tribunal Service Centre,,
,Stoke Courts and Tribunal Service Centre,779450,Stoke Courts and Tribunal Service Centre,,
